rank,pp,accuracy,play_count,level,total_score,best_pp_avg,best_pp_median,best_accuracy_avg,best_combo_avg,best_count,pass_plays_count,pass_rate,ss_count,s_count,a_count,b_count,c_count,grade_diversity,peak_pp,peak_to_avg_ratio,pp_std,pp_range,consistency_score,accuracy_std,min_accuracy,max_accuracy,max_combo,avg_combo,ranked_score,ranked_score_ratio,pp_gain_week,pp_gain_month,pp_gain_quarter,plays_week,plays_month,recent_count,recent_pass_count,fail_rate,avg_recent_pp,improvement_trend,activity_range_days,plays_per_day,avg_days_between_plays,total_hits,hits_per_play,pp_per_play,pp_per_level,avg_score_per_play,overall_consistency,nlp_genre_anime,nlp_genre_electronic,nlp_genre_rock,nlp_genre_pop,nlp_genre_classical,nlp_genre_game,nlp_genre_anime_ratio,nlp_genre_electronic_ratio,nlp_genre_rock_ratio,nlp_genre_pop_ratio,nlp_genre_classical_ratio,nlp_genre_game_ratio,nlp_diff_easy,nlp_diff_medium,nlp_diff_hard,nlp_diff_expert,nlp_diff_easy_ratio,nlp_diff_medium_ratio,nlp_diff_hard_ratio,nlp_diff_expert_ratio,nlp_avg_diff_number,nlp_max_diff_number,nlp_mod_hd,nlp_mod_hr,nlp_mod_dt,nlp_mod_nc,nlp_mod_fl,nlp_mod_ez,nlp_mod_ht,nlp_mod_nf,nlp_mod_so,nlp_mod_sd,nlp_mod_pf,nlp_mod_hdhr,nlp_mod_hddt,nlp_mod_hrdt,nlp_mod_diversity,nlp_mod_total,nlp_avg_mods_per_play,nlp_nomod_ratio,nlp_unique_songs,nlp_unique_artists,nlp_song_diversity,nlp_artist_diversity,nlp_avg_title_length,nlp_japanese_ratio
49.0,20584.8,96.8623,89121.0,101.0,222170635661.0,1102.1261,942.185,0.9691858026898952,788.9,100.0,100.0,1.0,0.0,11.0,30.0,1.0,0.0,0.6,1227.79,1.1140195300701072,77.55602179064113,336.29499999999996,0.012729768860560303,0.021552868724772592,0.9134680134680134,0.9976931949250288,2345.0,788.9,22289373865.0,0.10032547189994241,0.0,0.0,0.0,0.0,0.0,0.0,0.0,0.0,0.0,0.0,0.0,0.0,0.0,20177885.0,226.40999315537303,0.23097586427441344,203.809900990099,2492910.0398447057,0.33518954911420684,2.0,1.0,1.0,0.0,0.0,1.0,0.4,0.2,0.2,0.0,0.0,0.2,0.0,0.0,2.0,1.0,0.0,0.0,0.6666666666666666,0.3333333333333333,2.0,3.0,43.0,4.0,93.0,6.0,0.0,0.0,0.0,0.0,0.0,0.0,0.0,4.0,43.0,0.0,4.0,146.0,1.46,0.01,75.0,64.0,0.75,0.64,3.95,0.0
50.0,20555.8,96.6207,100709.0,101.0,201884187096.0,1141.058,902.855,0.9695343629439959,1359.5,100.0,100.0,1.0,0.0,1.0,11.0,2.0,0.0,0.6,1352.69,1.185469976109891,121.18329628529668,526.8860000000001,0.008184424797846432,0.012956191292826847,0.9455445544554455,0.9921171171171171,2740.0,1359.5,16525448801.0,0.08185608312721301,0.0,0.0,0.0,0.0,0.0,0.0,0.0,0.0,0.0,0.0,0.0,0.0,0.0,25088023.0,249.11401165734938,0.2041108540448222,203.52277227722772,2004629.0509884916,0.3278305948573025,3.0,2.0,0.0,0.0,1.0,1.0,0.42857142857142855,0.2857142857142857,0.0,0.0,0.14285714285714285,0.14285714285714285,0.0,1.0,3.0,1.0,0.0,0.2,0.6,0.2,2.0,2.0,99.0,0.0,97.0,2.0,0.0,0.0,0.0,0.0,0.0,0.0,0.0,0.0,99.0,0.0,3.0,198.0,1.98,0.01,76.0,67.0,0.76,0.67,3.08,0.0
81.0,19392.1,98.9313,260532.0,113.0,1335576916338.0,987.6894,917.2645,0.9887347426795567,1756.8,100.0,100.0,1.0,0.0,0.0,14.0,0.0,0.0,0.2,1051.97,1.0650817959573122,34.900006067764515,163.567,0.02785514849530692,0.008817679717308295,0.9645982498011137,0.9970104633781763,2599.0,1756.8,204296784983.0,0.15296519615145682,0.0,0.0,0.0,0.0,0.0,2.0,2.0,0.0,491.384,0.0,1.0,2.0,0.0,82264412.0,315.7555002840342,0.07443269924615786,171.61150442477876,5126345.0030629635,0.35703161824355983,0.0,2.0,2.0,1.0,0.0,1.0,0.0,0.3333333333333333,0.3333333333333333,0.16666666666666666,0.0,0.16666666666666666,0.0,0.0,3.0,2.0,0.0,0.0,0.6,0.4,0.0,0.0,95.0,2.0,94.0,1.0,0.0,0.0,0.0,0.0,0.0,0.0,0.0,0.0,94.0,0.0,4.0,192.0,1.8823529411764706,0.0392156862745098,94.0,82.0,0.9215686274509803,0.803921568627451,3.264705882352941,0.0
20.0,22994.8,97.8214,289728.0,103.0,359523790640.0,1226.176,1065.08,0.9807147240672982,351.35,100.0,100.0,1.0,0.0,3.0,29.0,0.0,0.0,0.4,1381.57,1.126730583537763,86.60219828326763,399.9469999999999,0.011415238653788486,0.010339478804352164,0.9602649006622517,1.0,603.0,351.35,40421615794.0,0.11243099023306403,0.0,0.0,0.0,0.0,0.0,1.0,1.0,0.0,0.0,0.0,0.0,0.0,0.0,46896660.0,161.8644383697813,0.07936685442898166,223.2504854368932,1240901.088745306,0.3382953925314346,0.0,0.0,2.0,0.0,0.0,0.0,0.0,0.0,1.0,0.0,0.0,0.0,0.0,0.0,2.0,1.0,0.0,0.0,0.6666666666666666,0.3333333333333333,2.0,3.0,89.0,29.0,90.0,11.0,0.0,1.0,0.0,0.0,0.0,2.0,0.0,24.0,83.0,10.0,6.0,222.0,2.198019801980198,0.0,64.0,56.0,0.6336633663366337,0.5544554455445545,4.138613861386139,0.0
43.0,20830.4,97.6641,147855.0,104.0,439309604533.0,1129.077,951.2855,0.975932854623918,1514.85,100.0,100.0,1.0,0.0,3.0,13.0,0.0,0.0,0.4,1235.17,1.093964362040853,93.60253703983884,375.1060000000001,0.01057054103716988,0.011532791433083929,0.9509316770186336,0.996078431372549,3681.0,1514.85,37616481184.0,0.08562635734765578,0.0,0.0,0.0,0.0,0.0,0.0,0.0,0.0,0.0,0.0,0.0,0.0,0.0,37887437.0,256.24724899394676,0.14088397416387677,200.2923076923077,2971219.1304521323,0.32991612361916467,0.0,2.0,1.0,0.0,1.0,0.0,0.0,0.5,0.25,0.0,0.25,0.0,0.0,0.0,4.0,3.0,0.0,0.0,0.5714285714285714,0.42857142857142855,2.5,3.0,93.0,19.0,55.0,44.0,0.0,0.0,0.0,0.0,0.0,0.0,0.0,19.0,79.0,14.0,4.0,211.0,2.11,0.01,88.0,73.0,0.88,0.73,3.35,0.0
40.0,20917.1,97.0975,218765.0,102.0,303482149594.0,1091.509,976.564,0.973404351754476,536.2,100.0,100.0,1.0,0.0,0.0,26.0,4.0,0.0,0.4,1148.35,1.0520756127526203,55.356646649319345,214.9949999999999,0.017744135952987503,0.020129619226907494,0.9149305555555556,0.9965337954939342,1663.0,536.2,26669148637.0,0.08787715742978006,0.0,0.0,0.0,0.0,0.0,28.0,28.0,0.0,199.50900000000001,0.0,1.0,28.0,0.0,47266241.0,216.05942906772108,0.0956144721504811,205.06960784313725,1387251.8437318583,0.333460801610129,1.0,0.0,3.0,1.0,0.0,1.0,0.16666666666666666,0.0,0.5,0.16666666666666666,0.0,0.16666666666666666,0.0,1.0,3.0,3.0,0.0,0.14285714285714285,0.42857142857142855,0.42857142857142855,5.5,9.0,115.0,4.0,118.0,7.0,0.0,0.0,0.0,4.0,2.0,0.0,0.0,4.0,114.0,1.0,6.0,250.0,1.953125,0.015625,91.0,83.0,0.7109375,0.6484375,3.6328125,0.0
90.0,19142.4,98.2762,155625.0,102.0,263087803154.0,1028.1155,859.6345,0.9820273164523258,939.55,100.0,100.0,1.0,0.0,0.0,12.0,0.0,0.0,0.2,1153.52,1.1219751088277532,82.95452498123535,349.14,0.011911210267981502,0.009671149119984132,0.9508547008547008,0.9962962962962963,3581.0,939.55,39070540802.0,0.14850760975464083,0.0,0.0,0.0,0.0,0.0,0.0,0.0,0.0,0.0,0.0,0.0,0.0,0.0,29650959.0,190.52825060240963,0.12300337349397591,187.67058823529413,1690524.0363309237,0.34931676703358483,2.0,1.0,2.0,0.0,0.0,1.0,0.3333333333333333,0.16666666666666666,0.3333333333333333,0.0,0.0,0.16666666666666666,0.0,0.0,3.0,1.0,0.0,0.0,0.75,0.25,3.5,8.0,100.0,3.0,97.0,0.0,0.0,0.0,0.0,0.0,0.0,0.0,1.0,3.0,97.0,0.0,4.0,201.0,2.01,0.0,85.0,73.0,0.85,0.73,3.92,0.0
87.0,19199.6,98.7286,187883.0,107.0,729861323252.0,1029.663,878.6245,0.9869799129109778,1688.6,100.0,100.0,1.0,0.0,37.0,11.0,0.0,0.0,0.4,1137.21,1.1044487371110743,80.03458006419224,330.9440000000001,0.012340410713646463,0.009764065446195125,0.9587025675982731,0.9980392156862745,3578.0,1688.6,82858081396.0,0.11352578737398242,0.0,0.0,0.0,0.0,0.0,0.0,0.0,0.0,0.0,0.0,0.0,0.0,0.0,66408864.0,353.4586098795527,0.10218912834050978,179.43551401869158,3884658.661251949,0.33899390049765327,0.0,2.0,1.0,0.0,0.0,2.0,0.0,0.4,0.2,0.0,0.0,0.4,0.0,0.0,4.0,2.0,0.0,0.0,0.6666666666666666,0.3333333333333333,0.0,0.0,8.0,4.0,95.0,1.0,0.0,0.0,0.0,0.0,0.0,0.0,0.0,1.0,8.0,1.0,4.0,108.0,1.08,0.02,94.0,82.0,0.94,0.82,3.07,0.0
44.0,20795.7,96.6366,117434.0,102.0,280429019362.0,1102.449,952.741,0.9678706677752646,1125.6,100.0,100.0,1.0,0.0,0.0,14.0,1.0,0.0,0.4,1226.67,1.11267732112778,72.30632543043242,314.6460000000001,0.013641387617348222,0.011813261619055496,0.9449074074074074,0.9845238095238096,2406.0,1125.6,37204985217.0,0.1326716660837902,0.0,0.0,0.0,0.0,0.0,0.0,0.0,0.0,0.0,0.0,0.0,0.0,0.0,29115281.0,247.92888771565305,0.17708414939455355,203.87941176470588,2387971.280566105,0.34525805487207634,3.0,2.0,2.0,0.0,0.0,1.0,0.375,0.25,0.25,0.0,0.0,0.125,0.0,0.0,2.0,1.0,0.0,0.0,0.6666666666666666,0.3333333333333333,0.0,0.0,98.0,4.0,93.0,6.0,0.0,0.0,0.0,0.0,0.0,2.0,0.0,4.0,98.0,0.0,5.0,203.0,2.03,0.01,85.0,74.0,0.85,0.74,3.23,0.0
41.0,20866.1,97.7356,269208.0,103.0,421449673343.0,1120.228,960.287,0.9781134654693509,1205.05,100.0,100.0,1.0,0.0,0.0,21.0,0.0,0.0,0.2,1322.78,1.1808131916002813,93.66389062691128,467.0319999999999,0.010563690055178416,0.008154960345308113,0.9575955265610439,0.991130820399113,2407.0,1205.05,39464477827.0,0.09363983489170138,0.0,0.0,0.0,0.0,0.0,7.0,7.0,0.0,70.16914285714286,0.0,1.0,7.0,0.0,47481193.0,176.3736330272503,0.07750921220766098,202.58349514563105,1565516.8989888858,0.33231742648958174,0.0,1.0,3.0,1.0,0.0,1.0,0.0,0.16666666666666666,0.5,0.16666666666666666,0.0,0.16666666666666666,0.0,0.0,3.0,1.0,0.0,0.0,0.75,0.25,5.75,12.0,106.0,1.0,68.0,31.0,0.0,0.0,0.0,3.0,1.0,0.0,0.0,1.0,99.0,0.0,6.0,210.0,1.9626168224299065,0.009345794392523364,96.0,84.0,0.897196261682243,0.7850467289719626,3.0,0.0
438.0,15508.2,99.3111,77626.0,108.0,850820949396.0,812.4604,717.9404999999999,0.9923067401149449,2029.95,100.0,100.0,1.0,0.0,0.0,30.0,0.0,0.0,0.2,915.941,1.1273669461305438,56.04826775467374,257.172,0.017529016030781653,0.004954272694175177,0.9776616689383614,0.998707453683757,6981.0,2029.95,123741299315.0,0.14543753230670245,0.0,0.0,0.0,0.0,0.0,0.0,0.0,0.0,0.0,0.0,0.0,0.0,0.0,35103095.0,452.2079586736403,0.19978100121093448,143.59444444444446,10960515.154664675,0.3506428661043234,1.0,1.0,2.0,0.0,0.0,1.0,0.2,0.2,0.4,0.0,0.0,0.2,0.0,0.0,3.0,3.0,0.0,0.0,0.5,0.5,0.0,0.0,100.0,6.0,31.0,0.0,0.0,0.0,0.0,0.0,0.0,0.0,0.0,6.0,31.0,0.0,3.0,137.0,1.37,0.0,86.0,66.0,0.86,0.66,3.03,0.0
288.0,16486.5,97.7681,99045.0,100.0,62629153935.0,876.6845999999999,750.8995,0.979396423459795,274.5,100.0,100.0,1.0,0.0,16.0,23.0,4.0,0.0,0.6,1063.07,1.212602571095694,67.55198073464908,366.2289999999999,0.014587470548382822,0.01684692055442175,0.9343971631205674,1.0,479.0,274.5,4667805890.0,0.0745308789392957,0.0,0.0,0.0,0.0,0.0,2.0,2.0,0.0,0.0,0.0,1.0,2.0,0.0,16105067.0,162.60353374728658,0.16645464182947145,164.865,632330.2936543995,0.3281942519011418,0.0,1.0,2.0,0.0,0.0,0.0,0.0,0.3333333333333333,0.6666666666666666,0.0,0.0,0.0,0.0,0.0,2.0,2.0,0.0,0.0,0.5,0.5,3.5,10.0,25.0,24.0,62.0,38.0,0.0,0.0,0.0,0.0,0.0,4.0,0.0,7.0,21.0,21.0,5.0,153.0,1.5,0.0196078431372549,68.0,62.0,0.6666666666666666,0.6078431372549019,4.362745098039215,0.0
477.0,15340.8,99.2521,83466.0,105.0,589999257966.0,793.7027999999998,721.2855,0.9935912406676046,2667.5,100.0,100.0,1.0,0.0,38.0,12.0,0.0,0.0,0.4,826.919,1.0418496696748458,43.32948562809856,161.34899999999993,0.022558348824290055,0.003919673860908387,0.9838187702265372,0.9991220368744512,3869.0,2667.5,84737601006.0,0.14362323318529188,0.0,0.0,0.0,0.0,0.0,0.0,0.0,0.0,0.0,0.0,0.0,0.0,0.0,37310172.0,447.01042340593773,0.1837969951836676,146.10285714285715,7068737.665228955,0.3521103094853036,0.0,1.0,2.0,0.0,0.0,1.0,0.0,0.25,0.5,0.0,0.0,0.25,0.0,0.0,1.0,2.0,0.0,0.0,0.3333333333333333,0.6666666666666666,0.0,0.0,0.0,26.0,0.0,0.0,0.0,0.0,0.0,0.0,0.0,0.0,0.0,0.0,0.0,0.0,1.0,26.0,0.26,0.74,87.0,58.0,0.87,0.58,3.27,0.0
440.0,15499.1,99.1232,143518.0,102.0,282937849239.0,811.8861999999999,720.782,0.9925329456759526,2041.8,100.0,100.0,1.0,0.0,35.0,15.0,0.0,0.0,0.4,865.513,1.0660521142002415,57.20193938579706,219.486,0.01718155804691327,0.004023968629426432,0.9827351203998183,0.9976722532588455,3175.0,2041.8,33121395813.0,0.11706244287247011,0.0,0.0,0.0,0.0,0.0,2.0,2.0,0.0,250.05599999999998,0.0,1.0,2.0,0.0,30001789.0,209.04547861592275,0.10799411920455972,151.95196078431374,1971445.0399183377,0.34199135608050635,3.0,1.0,2.0,0.0,0.0,0.0,0.5,0.16666666666666666,0.3333333333333333,0.0,0.0,0.0,0.0,0.0,3.0,2.0,0.0,0.0,0.6,0.4,5.8,7.0,0.0,34.0,33.0,0.0,0.0,0.0,0.0,0.0,0.0,0.0,0.0,0.0,0.0,0.0,2.0,67.0,0.6568627450980392,0.3431372549019608,81.0,64.0,0.7941176470588235,0.6274509803921569,3.4215686274509802,0.0
239.0,16922.6,97.1423,127889.0,101.0,147297068148.0,901.9278,777.6015,0.9748672910302393,467.8,100.0,100.0,1.0,0.0,0.0,42.0,1.0,0.0,0.4,974.742,1.0807317392811264,68.469747570503,267.674,0.014394755054855015,0.0137965541261054,0.9342948717948718,0.9934959349593496,1287.0,467.8,23824334991.0,0.1617434433050763,0.0,0.0,0.0,0.0,0.0,13.0,13.0,0.0,310.3709692307693,0.0,1.0,13.0,0.0,23494554.0,183.7105145868683,0.13232256097084188,167.55049504950495,1151757.1342961474,0.35428093501346486,2.0,0.0,1.0,1.0,0.0,0.0,0.5,0.0,0.25,0.25,0.0,0.0,0.0,0.0,4.0,2.0,0.0,0.0,0.6666666666666666,0.3333333333333333,2.25,3.0,106.0,7.0,106.0,0.0,0.0,0.0,0.0,0.0,0.0,0.0,0.0,7.0,106.0,0.0,3.0,219.0,1.9380530973451326,0.061946902654867256,80.0,73.0,0.7079646017699115,0.6460176991150443,4.008849557522124,0.0
499.0,15257.5,98.332,84293.0,100.0,104472558854.0,805.2911,704.3240000000001,0.9845132498021612,517.35,100.0,100.0,1.0,0.0,0.0,19.0,0.0,0.0,0.2,920.722,1.143340588266777,55.31236275267582,275.424,0.017758089895677173,0.01187924886757392,0.9588189588189588,1.0,1348.0,517.35,11211258800.0,0.10731295301829154,0.0,0.0,0.0,0.0,0.0,0.0,0.0,0.0,0.0,0.0,0.0,0.0,0.0,21156859.0,250.99188544719016,0.18100554019906753,152.575,1239397.8011697293,0.3392971218637583,2.0,2.0,1.0,1.0,0.0,2.0,0.25,0.25,0.125,0.125,0.0,0.25,0.0,0.0,2.0,1.0,0.0,0.0,0.6666666666666666,0.3333333333333333,1.5,2.0,99.0,0.0,96.0,3.0,0.0,0.0,0.0,0.0,0.0,0.0,0.0,0.0,99.0,0.0,3.0,198.0,1.98,0.01,80.0,69.0,0.8,0.69,3.6,0.0
471.0,15368.4,98.3785,139629.0,101.0,162529906299.0,814.0725,702.155,0.9833048662875582,856.35,100.0,100.0,1.0,0.0,0.0,9.0,0.0,0.0,0.2,912.21,1.1205513022488784,59.72364496376958,273.51,0.0164680496468327,0.01209844033137034,0.9594395280235988,0.9977997799779978,2900.0,856.35,24647413224.0,0.15164847987211108,0.0,0.0,0.0,0.0,0.0,0.0,0.0,0.0,0.0,0.0,0.0,0.0,0.0,22195588.0,158.9611613633271,0.11006596050963625,152.16237623762376,1164012.5353544035,0.3520817638203664,3.0,0.0,3.0,0.0,0.0,1.0,0.42857142857142855,0.0,0.42857142857142855,0.0,0.0,0.14285714285714285,0.0,0.0,4.0,1.0,0.0,0.0,0.8,0.2,2.5,3.0,100.0,1.0,92.0,1.0,0.0,0.0,0.0,0.0,0.0,0.0,0.0,1.0,93.0,0.0,4.0,194.0,1.94,0.0,91.0,83.0,0.91,0.83,3.32,0.0
162.0,17624.1,97.9946,165949.0,103.0,403130030270.0,945.5402,811.3689999999999,0.9800127133264198,1261.3,100.0,100.0,1.0,0.0,23.0,26.0,0.0,0.0,0.4,1065.9,1.1272921024404885,70.99950137199839,335.58100000000013,0.013888985075512119,0.009006728541512691,0.9593730006397952,0.9957044673539519,3583.0,1261.3,38044928088.0,0.09437383779749443,0.0,0.0,0.0,0.0,0.0,0.0,0.0,0.0,0.0,0.0,0.0,0.0,0.0,31020056.0,186.92523606650235,0.10620190540467252,171.10776699029125,2429240.4911749996,0.33386774536945313,3.0,1.0,1.0,0.0,0.0,1.0,0.5,0.16666666666666666,0.16666666666666666,0.0,0.0,0.16666666666666666,0.0,0.0,3.0,2.0,0.0,0.0,0.6,0.4,0.0,0.0,9.0,6.0,87.0,0.0,0.0,0.0,0.0,0.0,0.0,0.0,0.0,0.0,9.0,0.0,3.0,102.0,1.02,0.07,88.0,81.0,0.88,0.81,3.01,0.0
127.0,18243.0,97.8905,283875.0,105.0,547011687742.0,950.6859000000001,850.9449999999999,0.9793579743067269,1169.6,100.0,100.0,1.0,0.0,0.0,24.0,1.0,0.0,0.4,1066.43,1.1217479926861227,52.412971826924675,251.9810000000001,0.018722043836847793,0.014507045927395797,0.9329162321863051,0.9946655132641292,1849.0,1169.6,59836662525.0,0.10938827060898591,0.0,0.0,0.0,0.0,0.0,0.0,0.0,0.0,0.0,0.0,0.0,0.0,0.0,65912651.0,232.1889951563188,0.06426420079260238,173.74285714285713,1926945.6195226773,0.34030529871743487,0.0,0.0,2.0,1.0,0.0,0.0,0.0,0.0,0.6666666666666666,0.3333333333333333,0.0,0.0,0.0,0.0,2.0,3.0,0.0,0.0,0.4,0.6,0.0,0.0,97.0,2.0,100.0,0.0,0.0,0.0,0.0,0.0,0.0,0.0,0.0,2.0,97.0,0.0,3.0,199.0,1.99,0.0,94.0,86.0,0.94,0.86,2.79,0.0
408.0,15665.2,96.9767,165696.0,101.0,212429902308.0,849.2557,700.0540000000001,0.964430197213033,272.45,100.0,100.0,1.0,0.0,0.0,27.0,4.0,0.0,0.4,980.309,1.1543154788363503,73.77190239140103,334.61699999999996,0.013374007722384802,0.023987210504521315,0.9094202898550725,0.9951159951159951,563.0,272.45,18138907404.0,0.08538773123239768,0.0,0.0,0.0,0.0,0.0,0.0,0.0,0.0,0.0,0.0,0.0,0.0,0.0,26052813.0,157.2326006662804,0.09454181151023562,155.10099009900992,1282046.050043453,0.33096592245867323,2.0,0.0,3.0,0.0,0.0,1.0,0.3333333333333333,0.0,0.5,0.0,0.0,0.16666666666666666,0.0,0.0,3.0,1.0,0.0,0.0,0.75,0.25,1.8,3.0,97.0,2.0,98.0,0.0,0.0,0.0,0.0,0.0,0.0,0.0,0.0,2.0,97.0,0.0,3.0,197.0,1.97,0.02,57.0,55.0,0.57,0.55,4.42,0.0
923.0,13975.0,98.8658,86306.0,103.0,351580391471.0,737.5168,632.4745,0.9892377987290601,895.75,100.0,100.0,1.0,0.0,24.0,21.0,0.0,0.0,0.4,846.93,1.1483535019134479,55.27602730180959,256.808,0.017769555669538962,0.004441086422003675,0.9794892692203205,0.9981429897864438,1597.0,895.75,61318830238.0,0.17440913010376993,0.0,0.0,0.0,0.0,0.0,0.0,0.0,0.0,0.0,0.0,0.0,0.0,0.0,27473971.0,318.332109007485,0.1619238523393507,135.67961165048544,4073649.4736287165,0.35943056129894657,3.0,1.0,3.0,0.0,1.0,0.0,0.375,0.125,0.375,0.0,0.125,0.0,0.0,1.0,4.0,1.0,0.0,0.16666666666666666,0.6666666666666666,0.16666666666666666,2.5714285714285716,8.0,12.0,15.0,79.0,4.0,0.0,0.0,0.0,2.0,0.0,0.0,0.0,3.0,11.0,1.0,5.0,112.0,1.12,0.05,87.0,82.0,0.87,0.82,3.18,0.0
905.0,14022.0,99.1835,238736.0,104.0,508821542502.0,730.2439,637.8985,0.9928970357240086,1706.25,100.0,100.0,1.0,0.0,16.0,13.0,0.0,0.0,0.4,787.971,1.0790518072112618,44.73181983582157,182.293,0.02186661286583447,0.004778787247001929,0.9762810066992577,0.9983700081499592,3482.0,1706.25,62811710231.0,0.1234454616880792,0.0,0.0,0.0,0.0,0.0,14.0,14.0,0.0,300.93635714285716,0.0,1.0,14.0,0.0,47116770.0,197.3593006500905,0.058734334159908856,134.82692307692307,2131314.684429663,0.34578028365275754,2.0,0.0,3.0,2.0,0.0,0.0,0.2857142857142857,0.0,0.42857142857142855,0.2857142857142857,0.0,0.0,0.0,0.0,4.0,2.0,0.0,0.0,0.6666666666666666,0.3333333333333333,3.0,5.0,78.0,6.0,70.0,1.0,0.0,0.0,0.0,3.0,0.0,0.0,0.0,0.0,70.0,0.0,5.0,158.0,1.3859649122807018,0.22807017543859648,102.0,88.0,0.8947368421052632,0.7719298245614035,3.1315789473684212,0.0
788.0,14296.8,98.7297,215291.0,104.0,482621146484.0,730.0886,669.5485,0.9873525028693619,521.4,100.0,100.0,1.0,0.0,4.0,13.0,0.0,0.0,0.4,776.946,1.0641804296081325,33.05402945225286,139.22800000000007,0.02936510057942187,0.015228133250991798,0.9384920634920635,1.0,2664.0,521.4,77298219449.0,0.16016334968356513,0.0,0.0,0.0,0.0,0.0,0.0,0.0,0.0,0.0,0.0,0.0,0.0,0.0,48993314.0,227.56786860574758,0.06640686326878503,137.46923076923076,2241715.3828260354,0.35979504513683824,2.0,0.0,3.0,0.0,0.0,1.0,0.3333333333333333,0.0,0.5,0.0,0.0,0.16666666666666666,0.0,1.0,2.0,2.0,0.0,0.2,0.4,0.4,1.5,2.0,81.0,10.0,76.0,7.0,0.0,0.0,0.0,0.0,0.0,1.0,0.0,5.0,80.0,1.0,5.0,175.0,1.75,0.12,69.0,57.0,0.69,0.57,3.79,0.0
922.0,13975.3,98.6701,187518.0,105.0,612156172261.0,739.8281999999999,638.5515,0.9873856870555573,2250.05,100.0,100.0,1.0,0.0,32.0,17.0,0.0,0.0,0.4,801.883,1.0838773109757105,51.79303012886965,218.08500000000004,0.018941894366717817,0.006408383214361074,0.9677212483967508,0.9949874686716792,3869.0,2250.05,124820581025.0,0.20390316504361125,0.0,0.0,0.0,0.0,0.0,0.0,0.0,0.0,0.0,0.0,0.0,0.0,0.0,57746113.0,307.9497061615418,0.07452777866658133,133.09809523809523,3264519.524850948,0.3687477072597705,0.0,1.0,3.0,0.0,0.0,0.0,0.0,0.25,0.75,0.0,0.0,0.0,0.0,0.0,4.0,2.0,0.0,0.0,0.6666666666666666,0.3333333333333333,4.0,4.0,13.0,15.0,12.0,0.0,0.0,0.0,0.0,0.0,0.0,0.0,0.0,1.0,12.0,0.0,3.0,40.0,0.4,0.73,87.0,73.0,0.87,0.73,3.32,0.0
650.0,14697.1,99.0846,122589.0,105.0,558028456691.0,748.825,694.4005,0.9906955570927449,2241.7,100.0,100.0,1.0,0.0,28.0,12.0,0.0,0.0,0.4,786.05,1.0497112142356357,32.663926381799236,140.716,0.029705388155217116,0.005730512881805563,0.9759733254878886,0.9973226238286479,4194.0,2241.7,110093042866.0,0.19728929868349418,0.0,0.0,0.0,0.0,0.0,0.0,0.0,0.0,0.0,0.0,0.0,0.0,0.0,34889043.0,284.60174240755697,0.11988922333977764,139.97238095238095,4552027.15326008,0.3710689448671351,0.0,0.0,3.0,0.0,0.0,1.0,0.0,0.0,0.75,0.0,0.0,0.25,0.0,0.0,1.0,2.0,0.0,0.0,0.3333333333333333,0.6666666666666666,2.0,3.0,40.0,19.0,35.0,2.0,0.0,0.0,0.0,0.0,0.0,0.0,0.0,4.0,36.0,0.0,4.0,96.0,0.96,0.44,76.0,64.0,0.76,0.64,3.65,0.0
867.0,14098.5,93.4894,183231.0,101.0,129174223916.0,762.5284,631.865,0.9353873949600849,673.7,100.0,100.0,1.0,0.0,8.0,18.0,22.0,2.0,0.8,795.59,1.0433578605072282,67.2464986677195,223.99900000000002,0.014652766361961346,0.0236548232892473,0.8844138834315651,0.970456005138086,1446.0,673.7,16014721106.0,0.12397768394114081,0.0,0.0,0.0,0.0,0.0,12.0,12.0,0.0,135.63891666666666,0.0,1.0,12.0,0.0,32239810.0,175.95172214308715,0.07694385775332777,139.5891089108911,704980.1830257981,0.3430544117271268,0.0,1.0,1.0,1.0,0.0,2.0,0.0,0.2,0.2,0.2,0.0,0.4,0.0,1.0,3.0,2.0,0.0,0.16666666666666666,0.5,0.3333333333333333,4.0,4.0,2.0,1.0,91.0,14.0,0.0,0.0,0.0,0.0,0.0,0.0,0.0,1.0,2.0,0.0,4.0,108.0,0.9642857142857143,0.0625,83.0,79.0,0.7410714285714286,0.7053571428571429,2.8482142857142856,0.0
742.0,14409.6,96.7259,139634.0,101.0,155542020960.0,759.6825,653.2215,0.9643216582658839,634.9,100.0,100.0,1.0,0.0,4.0,34.0,1.0,0.0,0.6,867.968,1.142540469209176,50.73718309714879,242.53599999999994,0.01932845856957971,0.018979575461308885,0.9207920792079208,0.9915151515151515,1507.0,634.9,22708600162.0,0.1459965610697566,0.0,0.0,0.0,0.0,0.0,1.0,1.0,0.0,404.154,0.0,0.0,0.0,0.0,21124333.0,151.28359138891673,0.10319549679877393,142.66930693069307,1113926.5577151696,0.3515303517487588,0.0,1.0,3.0,0.0,0.0,0.0,0.0,0.25,0.75,0.0,0.0,0.0,0.0,0.0,4.0,1.0,0.0,0.0,0.8,0.2,1.6666666666666667,2.0,72.0,2.0,98.0,3.0,0.0,0.0,0.0,0.0,0.0,0.0,0.0,2.0,72.0,0.0,4.0,175.0,1.7326732673267327,0.0,79.0,70.0,0.7821782178217822,0.693069306930693,4.03960396039604,0.0
899.0,14033.8,96.1746,190725.0,101.0,176070619870.0,717.6725000000001,658.593,0.9615033214323416,1146.45,100.0,100.0,1.0,0.0,24.0,21.0,2.0,0.0,0.6,753.751,1.0502715375049203,31.51113207053025,126.99000000000001,0.030758695139578084,0.021834927310868415,0.9242424242424242,0.9896065330363771,2923.0,1146.45,18369998632.0,0.10433312863647158,0.0,0.0,0.0,0.0,0.0,0.0,0.0,0.0,0.0,0.0,0.0,0.0,0.0,38390134.0,201.28527461004063,0.07358133438196356,138.94851485148513,923164.8702057936,0.34360341664677274,3.0,0.0,1.0,0.0,0.0,1.0,0.6,0.0,0.2,0.0,0.0,0.2,0.0,0.0,2.0,1.0,0.0,0.0,0.6666666666666666,0.3333333333333333,2.0,3.0,10.0,8.0,84.0,3.0,0.0,0.0,0.0,0.0,0.0,0.0,0.0,3.0,10.0,2.0,4.0,105.0,1.05,0.1,90.0,84.0,0.9,0.84,3.49,0.0
859.0,14115.5,98.818,151078.0,108.0,924310665109.0,733.2095,658.0625,0.9892471078442255,2110.65,100.0,100.0,1.0,0.0,15.0,35.0,0.0,0.0,0.4,789.439,1.0766895409838524,44.76090288214034,176.087,0.02185271568123456,0.004251381396482926,0.9797876684360963,0.9951119520655944,4196.0,2110.65,96571296609.0,0.10447926249732471,0.0,0.0,0.0,0.0,0.0,0.0,0.0,0.0,0.0,0.0,0.0,0.0,0.0,64157853.0,424.6670792570725,0.09343186963025722,130.69907407407408,6118102.33858669,0.3400848650216912,0.0,1.0,2.0,0.0,0.0,1.0,0.0,0.25,0.5,0.0,0.0,0.25,0.0,0.0,2.0,2.0,0.0,0.0,0.5,0.5,5.0,5.0,21.0,24.0,2.0,0.0,0.0,0.0,0.0,0.0,0.0,0.0,0.0,12.0,0.0,0.0,3.0,47.0,0.47,0.65,76.0,55.0,0.76,0.55,3.5,0.0
742.0,14408.8,98.7001,121679.0,104.0,431841349868.0,783.7796,639.263,0.9863129835330737,1949.05,100.0,100.0,1.0,0.0,14.0,35.0,0.0,0.0,0.4,869.4,1.1092404038073969,75.2746626893804,300.79599999999994,0.013110513566902057,0.006038713680676845,0.9758693640089912,0.9957472660996355,8682.0,1949.05,60363902567.0,0.1397825904940583,0.0,0.0,0.0,0.0,0.0,0.0,0.0,0.0,0.0,0.0,0.0,0.0,0.0,37764744.0,310.36369463917356,0.1184164892873873,138.54615384615383,3549021.194026907,0.34717898257497826,2.0,0.0,1.0,0.0,0.0,1.0,0.5,0.0,0.25,0.0,0.0,0.25,0.0,0.0,2.0,1.0,0.0,0.0,0.6666666666666666,0.3333333333333333,5.666666666666667,10.0,10.0,35.0,19.0,1.0,0.0,0.0,0.0,4.0,1.0,0.0,0.0,0.0,7.0,0.0,6.0,70.0,0.7,0.39,89.0,74.0,0.89,0.74,3.09,0.0
1447.0,13120.4,98.4173,61890.0,100.0,113494648599.0,680.5124,602.1189999999999,0.9837034275679472,334.9,100.0,100.0,1.0,0.0,0.0,22.0,0.0,0.0,0.2,748.099,1.0993172203768808,41.04225861518345,182.07900000000006,0.023785591757880788,0.013188329809233595,0.9440993788819876,1.0,527.0,334.9,14302392223.0,0.12601820790276466,0.0,0.0,0.0,0.0,0.0,7.0,7.0,0.0,252.20642857142857,0.0,1.0,7.0,0.0,19621387.0,317.0364679269672,0.21199547584423978,131.204,1833812.386476006,0.3473196990739817,2.0,1.0,2.0,1.0,0.0,1.0,0.2857142857142857,0.14285714285714285,0.2857142857142857,0.14285714285714285,0.0,0.14285714285714285,0.0,0.0,2.0,1.0,0.0,0.0,0.6666666666666666,0.3333333333333333,1.5,2.0,106.0,2.0,100.0,3.0,0.0,0.0,0.0,4.0,0.0,0.0,0.0,2.0,103.0,0.0,5.0,215.0,2.0093457943925235,0.0,66.0,61.0,0.616822429906542,0.5700934579439252,4.822429906542056,0.0
1098.0,13622.0,97.5137,124372.0,101.0,168361118257.0,706.5168,624.1245,0.9734086625755471,1017.5,100.0,100.0,1.0,0.0,27.0,23.0,0.0,0.0,0.4,744.839,1.0542410314942263,47.62513358689926,179.60800000000006,0.0205654961998793,0.01651787232876114,0.9265262020529443,0.9943639291465378,1722.0,1017.5,28256086860.0,0.16783023985898946,0.0,0.0,0.0,0.0,0.0,6.0,6.0,0.0,167.67833333333334,0.0,1.0,6.0,0.0,27330764.0,219.75013668671406,0.10952625992988775,134.87128712871288,1353689.8840333838,0.35857527043764853,0.0,1.0,2.0,0.0,0.0,1.0,0.0,0.25,0.5,0.0,0.0,0.25,0.0,1.0,4.0,2.0,0.0,0.14285714285714285,0.5714285714285714,0.2857142857142857,10.0,10.0,0.0,5.0,97.0,0.0,0.0,1.0,0.0,2.0,0.0,0.0,0.0,0.0,0.0,0.0,4.0,105.0,0.9905660377358491,0.018867924528301886,96.0,85.0,0.9056603773584906,0.8018867924528302,3.0943396226415096,0.0
1952.0,12487.4,98.4928,150064.0,103.0,379213317625.0,641.6714,576.652,0.9836288889607625,1471.6,100.0,100.0,1.0,0.0,7.0,24.0,0.0,0.0,0.4,714.239,1.1130915294027444,37.41839253498739,174.524,0.026029199402065203,0.009547831782260272,0.9623507805325987,0.9945329584504842,4312.0,1471.6,55875691391.0,0.14734633198260952,0.0,0.0,0.0,0.0,0.0,0.0,0.0,0.0,0.0,0.0,0.0,0.0,0.0,33305390.0,221.94123840494723,0.08321382876639301,121.2368932038835,2527010.5929803285,0.35461557935560895,3.0,1.0,1.0,1.0,0.0,0.0,0.5,0.16666666666666666,0.16666666666666666,0.16666666666666666,0.0,0.0,0.0,1.0,2.0,2.0,0.0,0.2,0.4,0.4,1.5,2.0,58.0,35.0,48.0,3.0,0.0,0.0,0.0,0.0,0.0,1.0,0.0,13.0,47.0,0.0,5.0,145.0,1.45,0.16,90.0,80.0,0.9,0.8,2.98,0.0
1466.0,13093.0,99.0845,123492.0,106.0,649962168742.0,683.8362,598.6835000000001,0.9924551559164625,2593.5,100.0,100.0,1.0,0.0,23.0,19.0,0.0,0.0,0.4,714.221,1.0444328627235586,43.94525614243704,157.265,0.02224928915369571,0.003896730579600834,0.9851485148514851,0.9983416252072969,4196.0,2593.5,74043864306.0,0.11392026777391012,0.0,0.0,0.0,0.0,0.0,0.0,0.0,0.0,0.0,0.0,0.0,0.0,0.0,51331605.0,415.6674521426489,0.1060230622226541,123.51886792452831,5263192.504307971,0.34307579599365134,2.0,0.0,2.0,0.0,0.0,0.0,0.5,0.0,0.5,0.0,0.0,0.0,0.0,1.0,3.0,2.0,0.0,0.16666666666666666,0.5,0.3333333333333333,5.0,5.0,23.0,39.0,13.0,0.0,0.0,0.0,0.0,0.0,0.0,0.0,0.0,10.0,6.0,0.0,3.0,75.0,0.75,0.41,89.0,70.0,0.89,0.7,3.22,0.0
1664.0,12839.3,98.8947,240404.0,103.0,405133199194.0,659.3985999999999,598.31,0.9902092673426006,1046.0,100.0,100.0,1.0,0.0,36.0,11.0,0.0,0.0,0.4,693.41,1.0515794240388137,34.374936613463014,136.08799999999997,0.02826860188971814,0.006196056763425129,0.9775132275132276,1.0,1793.0,1046.0,45685331232.0,0.11276619966689859,0.0,0.0,0.0,0.0,0.0,0.0,0.0,0.0,0.0,0.0,0.0,0.0,0.0,44639657.0,185.6859994010083,0.05340718124490441,124.65339805825242,1685218.212650372,0.3451373006559568,1.0,0.0,2.0,1.0,0.0,1.0,0.2,0.0,0.4,0.2,0.0,0.2,0.0,1.0,4.0,2.0,0.0,0.14285714285714285,0.5714285714285714,0.2857142857142857,3.0,3.0,2.0,8.0,83.0,1.0,0.0,0.0,0.0,0.0,0.0,0.0,0.0,0.0,2.0,0.0,4.0,94.0,0.94,0.08,95.0,85.0,0.95,0.85,3.1,0.0
2000.0,12433.3,96.0233,96878.0,101.0,143902422562.0,646.768,576.568,0.955823343748315,455.65,100.0,100.0,1.0,0.0,1.0,31.0,5.0,0.0,0.6,743.094,1.1489343937857162,44.122329384423935,221.2120000000001,0.022161976423699357,0.026680432947523106,0.885632183908046,0.9978835978835979,1486.0,455.65,12563553009.0,0.08730605632151206,0.0,0.0,0.0,0.0,0.0,5.0,5.0,0.0,327.9588,0.0,1.0,5.0,0.0,16057236.0,165.746980738661,0.12833976754268253,123.10198019801979,1485398.3624971614,0.33505660746593335,3.0,0.0,2.0,1.0,0.0,0.0,0.5,0.0,0.3333333333333333,0.16666666666666666,0.0,0.0,1.0,0.0,4.0,1.0,0.16666666666666666,0.0,0.6666666666666666,0.16666666666666666,3.5,4.0,90.0,7.0,93.0,9.0,0.0,0.0,0.0,0.0,0.0,0.0,0.0,6.0,87.0,3.0,4.0,199.0,1.8952380952380952,0.01904761904761905,76.0,73.0,0.7238095238095238,0.6952380952380952,3.933333333333333,0.0
1611.0,12903.5,98.9613,128973.0,107.0,740132149479.0,679.3571000000001,583.38,0.991427393713956,1715.45,100.0,100.0,1.0,0.0,16.0,32.0,0.0,0.0,0.4,717.421,1.0560292959328754,53.58186575476447,190.2940000000001,0.01832110328534729,0.0033582942549191023,0.978494623655914,0.9952451221511723,3517.0,1715.45,127979487248.0,0.17291437392374914,0.0,0.0,0.0,0.0,0.0,2.0,2.0,0.0,150.983,0.0,1.0,2.0,0.0,59209361.0,459.08338179308845,0.10004807207710141,120.59345794392523,5738659.637900956,0.3592027534912636,3.0,1.0,2.0,0.0,0.0,1.0,0.42857142857142855,0.14285714285714285,0.2857142857142857,0.0,0.0,0.14285714285714285,0.0,1.0,3.0,1.0,0.0,0.2,0.6,0.2,4.0,4.0,7.0,17.0,10.0,0.0,0.0,0.0,0.0,0.0,0.0,0.0,0.0,0.0,5.0,0.0,3.0,34.0,0.3333333333333333,0.7156862745098039,93.0,67.0,0.9117647058823529,0.6568627450980392,3.284313725490196,0.0
1778.0,12694.6,98.5514,106728.0,101.0,163142824051.0,657.2594000000001,584.4335,0.9858116998392482,794.1,100.0,100.0,1.0,0.0,4.0,19.0,1.0,0.0,0.6,733.55,1.1160738058672113,37.776448358568594,179.35399999999993,0.025788849735616022,0.010795746332366964,0.9455275229357798,0.9973226238286479,1740.0,794.1,20331845693.0,0.12462604966703329,0.0,0.0,0.0,0.0,0.0,7.0,7.0,0.0,69.03004428571428,0.0,1.0,7.0,0.0,19694024.0,184.5253729105764,0.11894348249756391,125.6891089108911,1528585.0390806536,0.3477033547943564,3.0,0.0,2.0,1.0,0.0,0.0,0.5,0.0,0.3333333333333333,0.16666666666666666,0.0,0.0,1.0,1.0,4.0,2.0,0.125,0.125,0.5,0.25,2.3333333333333335,4.0,99.0,6.0,87.0,6.0,3.0,1.0,0.0,0.0,0.0,0.0,0.0,4.0,90.0,0.0,6.0,202.0,1.8878504672897196,0.037383177570093455,80.0,76.0,0.7476635514018691,0.7102803738317757,3.532710280373832,0.0
1397.0,13175.2,99.335,164782.0,104.0,435347728546.0,677.0489,616.212,0.9931836801948339,2008.1,100.0,100.0,1.0,0.0,4.0,18.0,0.0,0.0,0.4,700.857,1.0351645206129128,35.067673442764914,128.74699999999996,0.027725658589730785,0.003811108959714398,0.9845352160026896,0.9977186311787072,3569.0,2008.1,77380165111.0,0.17774335327173713,0.0,0.0,0.0,0.0,0.0,4.0,4.0,0.0,152.7905,0.0,1.0,4.0,0.0,37486560.0,227.49183770071974,0.07995533492735858,126.6846153846154,2641961.6738842833,0.3644132694174134,3.0,0.0,2.0,0.0,0.0,0.0,0.6,0.0,0.4,0.0,0.0,0.0,0.0,0.0,4.0,2.0,0.0,0.0,0.6666666666666666,0.3333333333333333,3.25,7.0,70.0,56.0,11.0,15.0,0.0,0.0,0.0,2.0,0.0,0.0,0.0,44.0,25.0,0.0,5.0,154.0,1.4807692307692308,0.20192307692307693,84.0,63.0,0.8076923076923077,0.6057692307692307,3.2403846153846154,0.0
1433.0,13128.6,98.7432,146037.0,104.0,480631098449.0,667.8691000000001,615.2205,0.9878864954198869,2530.5,100.0,100.0,1.0,0.0,16.0,17.0,0.0,0.0,0.4,708.802,1.0612888064442567,26.950643683749004,117.21600000000001,0.03577735136673856,0.007106972753774667,0.9722222222222222,0.9962277658461369,4142.0,2530.5,87376370844.0,0.18179508385113693,0.0,0.0,0.0,0.0,0.0,12.0,12.0,0.0,72.07892500000001,0.0,1.0,12.0,0.0,42634115.0,291.9405013797873,0.089899135150681,126.23653846153846,3291159.7639570795,0.36884946570203647,0.0,0.0,2.0,1.0,1.0,1.0,0.0,0.0,0.4,0.2,0.2,0.2,0.0,0.0,2.0,2.0,0.0,0.0,0.5,0.5,4.666666666666667,5.0,70.0,16.0,7.0,3.0,0.0,2.0,0.0,5.0,0.0,0.0,0.0,13.0,8.0,0.0,6.0,103.0,0.9196428571428571,0.3392857142857143,98.0,76.0,0.875,0.6785714285714286,3.4017857142857144,0.0
2934.0,11670.8,98.7295,105817.0,101.0,206995995068.0,595.3004000000001,540.1514999999999,0.9885280791544409,415.55,100.0,100.0,1.0,0.0,9.0,15.0,0.0,0.0,0.4,618.455,1.0388956567138203,28.31573903513027,102.4430000000001,0.03411136928192936,0.005396500247277434,0.9785809906291834,0.9970104633781763,2424.0,415.55,27792504643.0,0.1342659051633821,0.0,0.0,0.0,0.0,0.0,0.0,0.0,0.0,0.0,0.0,0.0,0.0,0.0,22307352.0,210.81066369297938,0.11029229707891926,115.55247524752474,1956169.5669693905,0.35392431926178636,3.0,1.0,2.0,0.0,0.0,1.0,0.42857142857142855,0.14285714285714285,0.2857142857142857,0.0,0.0,0.14285714285714285,0.0,1.0,4.0,2.0,0.0,0.14285714285714285,0.5714285714285714,0.2857142857142857,1.5,2.0,63.0,5.0,67.0,5.0,0.0,0.0,0.0,0.0,0.0,0.0,0.0,1.0,61.0,0.0,4.0,140.0,1.4,0.22,82.0,73.0,0.82,0.73,3.96,0.0
2812.0,11764.1,96.1566,214556.0,103.0,333992440554.0,618.5837,533.716,0.9601795884197066,258.5,100.0,100.0,1.0,0.0,2.0,35.0,4.0,0.0,0.6,703.615,1.1374612683780707,44.3601850541857,207.06100000000004,0.02204576543956853,0.024953985763309122,0.911487758945386,1.0,492.0,258.5,28637293457.0,0.08574234018440281,0.0,0.0,0.0,0.0,0.0,30.0,30.0,0.0,227.75986999999998,0.0,1.0,30.0,0.0,51531701.0,240.17832640429538,0.05482997445888253,114.21456310679612,1556667.9121255057,0.33454100823114824,3.0,2.0,3.0,0.0,0.0,0.0,0.375,0.25,0.375,0.0,0.0,0.0,0.0,0.0,2.0,2.0,0.0,0.0,0.5,0.5,3.5454545454545454,10.0,99.0,9.0,93.0,22.0,0.0,0.0,0.0,0.0,0.0,5.0,0.0,5.0,97.0,2.0,5.0,228.0,1.7538461538461538,0.08461538461538462,72.0,64.0,0.5538461538461539,0.49230769230769234,4.953846153846154,0.0
2332.0,12146.1,99.2029,253862.0,105.0,531690292379.0,631.6741000000001,552.884,0.9933368434429788,2009.8,100.0,100.0,1.0,0.0,10.0,9.0,0.0,0.0,0.4,738.302,1.1688020768937653,43.24013307930031,218.83100000000002,0.02260391030486963,0.0033811397156033587,0.9862258953168044,0.9988706945228685,6979.0,2009.8,66225776758.0,0.1245570545621188,0.0,0.0,0.0,0.0,0.0,0.0,0.0,0.0,0.0,0.0,0.0,0.0,0.0,50540824.0,199.0877878532431,0.047845286021539264,115.67714285714285,2094406.7736762492,0.3464086804905835,1.0,0.0,0.0,1.0,0.0,1.0,0.3333333333333333,0.0,0.0,0.3333333333333333,0.0,0.3333333333333333,0.0,0.0,3.0,2.0,0.0,0.0,0.6,0.4,6.0,6.0,78.0,47.0,38.0,1.0,0.0,0.0,0.0,0.0,0.0,0.0,0.0,42.0,35.0,0.0,4.0,164.0,1.64,0.13,96.0,83.0,0.96,0.83,3.26,0.0
3950.0,11050.6,98.7383,80521.0,101.0,148920691471.0,575.1543,494.702,0.9871087545380279,1230.1,100.0,100.0,1.0,0.0,1.0,27.0,0.0,0.0,0.4,649.91,1.1299750345255177,38.40353598359922,177.219,0.02537843305271451,0.010525711194843052,0.9593908629441624,0.998313878080415,3767.0,1230.1,20810973503.0,0.1397453456429365,0.0,0.0,0.0,0.0,0.0,0.0,0.0,0.0,0.0,0.0,0.0,0.0,0.0,19873730.0,246.81424721501224,0.13723873275294643,109.41188118811881,1849464.0090287006,0.3520749769139667,3.0,1.0,2.0,0.0,0.0,1.0,0.42857142857142855,0.14285714285714285,0.2857142857142857,0.0,0.0,0.14285714285714285,0.0,1.0,4.0,1.0,0.0,0.16666666666666666,0.6666666666666666,0.16666666666666666,3.0,3.0,77.0,18.0,65.0,0.0,0.0,0.0,0.0,0.0,0.0,0.0,0.0,12.0,65.0,0.0,3.0,160.0,1.6,0.17,98.0,90.0,0.98,0.9,3.26,0.0
3977.0,11039.6,98.5522,162907.0,101.0,175336996794.0,575.6152,501.65049999999997,0.9870205996345616,481.45,100.0,100.0,1.0,0.0,1.0,9.0,1.0,0.0,0.6,744.299,1.2930495928530032,46.493100801392025,280.938,0.02105568983970594,0.01300233648219803,0.9478458049886621,1.0,1229.0,481.45,19795363850.0,0.11289895579343807,0.0,0.0,0.0,0.0,0.0,6.0,6.0,0.0,141.14616666666666,0.0,1.0,6.0,0.0,33150495.0,203.49337351986102,0.06776627155370855,109.3029702970297,1076301.182846655,0.34229196267391376,3.0,1.0,1.0,1.0,0.0,1.0,0.42857142857142855,0.14285714285714285,0.14285714285714285,0.14285714285714285,0.0,0.14285714285714285,1.0,0.0,4.0,1.0,0.16666666666666666,0.0,0.6666666666666666,0.16666666666666666,1.5,2.0,104.0,6.0,91.0,2.0,0.0,0.0,0.0,0.0,0.0,0.0,0.0,5.0,93.0,0.0,4.0,203.0,1.9150943396226414,0.009433962264150943,82.0,73.0,0.7735849056603774,0.6886792452830188,3.660377358490566,0.0
3504.0,11286.5,98.3987,196061.0,102.0,301976277550.0,573.3727,518.518,0.983770911735321,1128.85,100.0,100.0,1.0,0.0,22.0,13.0,0.0,0.0,0.4,588.707,1.0267440357728925,28.190162593954653,94.918,0.0342581168152555,0.010267075368315687,0.95242656449553,0.9954128440366973,1983.0,1128.85,33587859214.0,0.11122681386268383,0.0,0.0,0.0,0.0,0.0,0.0,0.0,0.0,0.0,0.0,0.0,0.0,0.0,44103060.0,224.94560366416573,0.057566267641193304,110.65196078431373,1540215.9407021285,0.3470712908849073,0.0,1.0,1.0,1.0,0.0,1.0,0.0,0.25,0.25,0.25,0.0,0.25,0.0,0.0,4.0,2.0,0.0,0.0,0.6666666666666666,0.3333333333333333,0.0,0.0,42.0,11.0,78.0,7.0,0.0,0.0,0.0,0.0,0.0,0.0,0.0,5.0,37.0,0.0,4.0,138.0,1.38,0.04,93.0,81.0,0.93,0.81,2.94,0.0
2425.0,12070.0,96.5652,114536.0,100.0,102360474429.0,612.0148,559.963,0.9669741295416141,309.5,100.0,100.0,1.0,0.0,35.0,13.0,2.0,0.0,0.6,636.643,1.0402411837099363,25.721768790260132,101.25800000000004,0.03742267242296071,0.01578711843918728,0.9262672811059908,0.9953051643192489,547.0,309.5,17570125551.0,0.1716495126562462,0.0,0.0,0.0,0.0,0.0,0.0,0.0,0.0,0.0,0.0,0.0,0.0,0.0,20149075.0,175.9191433261158,0.10538171404623874,120.7,893696.9549224698,0.3664639227660581,1.0,0.0,2.0,0.0,0.0,1.0,0.25,0.0,0.5,0.0,0.0,0.25,0.0,0.0,3.0,1.0,0.0,0.0,0.75,0.25,1.5,2.0,0.0,0.0,91.0,6.0,0.0,0.0,0.0,0.0,0.0,0.0,0.0,0.0,0.0,0.0,2.0,97.0,0.97,0.03,61.0,54.0,0.61,0.54,4.43,0.0
2651.0,11887.1,98.568,74138.0,100.0,53594509965.0,622.4161,535.315,0.9904733163871142,366.95,100.0,100.0,1.0,0.0,0.0,22.0,0.0,0.0,0.2,732.021,1.1760958625588251,44.482443675337805,226.89099999999996,0.021986505543505692,0.008617548489801043,0.9717948717948718,1.0,1105.0,366.95,7067104735.0,0.13186247508588447,0.0,0.0,0.0,0.0,0.0,6.0,6.0,0.0,53.72411666666667,0.0,1.0,6.0,0.0,14035071.0,189.31008389759637,0.1603374787558337,118.87100000000001,722902.0200841674,0.34835334474316765,2.0,1.0,4.0,1.0,0.0,1.0,0.2222222222222222,0.1111111111111111,0.4444444444444444,0.1111111111111111,0.0,0.1111111111111111,0.0,0.0,2.0,1.0,0.0,0.0,0.6666666666666666,0.3333333333333333,1.5,2.0,98.0,1.0,99.0,0.0,0.0,0.0,0.0,3.0,0.0,0.0,0.0,0.0,98.0,0.0,4.0,201.0,1.8962264150943395,0.05660377358490566,70.0,63.0,0.660377358490566,0.5943396226415094,4.735849056603773,0.0
3182.0,11496.9,92.9203,78597.0,100.0,76098804526.0,623.2045999999999,495.2445,0.9295201030490234,254.9,100.0,100.0,1.0,0.0,2.0,24.0,19.0,0.0,0.6,689.833,1.1069125613000932,61.47682427968771,232.56599999999997,0.016005935185235035,0.03392075854201302,0.8652482269503546,0.9880418535127056,1580.0,254.9,10877481212.0,0.14293892367630542,0.0,0.0,0.0,0.0,0.0,0.0,0.0,0.0,0.0,0.0,0.0,0.0,0.0,15340045.0,195.1734162881535,0.14627657544181075,114.969,968215.1294069748,0.34928405117698563,0.0,1.0,1.0,1.0,0.0,1.0,0.0,0.25,0.25,0.25,0.0,0.25,0.0,0.0,4.0,1.0,0.0,0.0,0.8,0.2,2.0,3.0,88.0,5.0,88.0,1.0,0.0,0.0,0.0,0.0,0.0,0.0,0.0,4.0,88.0,0.0,4.0,182.0,1.82,0.1,54.0,52.0,0.54,0.52,4.29,0.0
3163.0,11512.8,99.083,118864.0,104.0,436812743523.0,585.928,529.5550000000001,0.9906495371099394,1181.05,100.0,100.0,1.0,0.0,9.0,27.0,0.0,0.0,0.4,618.89,1.0562560587648995,28.372223496906262,108.368,0.03404577117239111,0.005551050656233023,0.9773060029282576,1.0,4295.0,1181.05,76466653624.0,0.17505591299209364,0.0,0.0,0.0,0.0,0.0,0.0,0.0,0.0,0.0,0.0,0.0,0.0,0.0,41902407.0,352.52395174316865,0.09685691210122492,110.69999999999999,3674895.203955781,0.36613508236658454,3.0,1.0,1.0,0.0,0.0,0.0,0.6,0.2,0.2,0.0,0.0,0.0,0.0,0.0,4.0,2.0,0.0,0.0,0.6666666666666666,0.3333333333333333,0.0,0.0,58.0,35.0,41.0,3.0,0.0,0.0,0.0,0.0,0.0,0.0,0.0,18.0,40.0,0.0,4.0,137.0,1.37,0.21,92.0,79.0,0.92,0.79,3.43,0.0
4843.0,10643.4,97.7339,80055.0,101.0,141544208408.0,544.2790000000001,488.3055,0.9761778120040704,381.5,100.0,100.0,1.0,0.0,2.0,28.0,0.0,0.0,0.4,605.942,1.113292998627542,29.2323522113702,146.06100000000004,0.03307714838092903,0.016012357959535557,0.9444444444444444,0.9979612640163099,844.0,381.5,33191634720.0,0.23449659363190184,0.0,0.0,0.0,0.0,0.0,1.0,1.0,0.0,0.0,0.0,0.0,0.0,0.0,21220662.0,265.0760352257823,0.13295109612141653,105.38019801980198,1768087.0452563863,0.38357983744194213,2.0,1.0,1.0,0.0,0.0,1.0,0.4,0.2,0.2,0.0,0.0,0.2,1.0,0.0,4.0,1.0,0.16666666666666666,0.0,0.6666666666666666,0.16666666666666666,1.9,4.0,93.0,5.0,68.0,8.0,0.0,0.0,1.0,0.0,0.0,0.0,0.0,4.0,76.0,0.0,5.0,175.0,1.7326732673267327,0.0594059405940594,82.0,72.0,0.8118811881188119,0.7128712871287128,3.633663366336634,0.0
4872.0,10630.1,99.3039,74095.0,102.0,305278687557.0,540.5728999999999,492.02599999999995,0.9937802377027533,2050.45,100.0,100.0,1.0,0.0,10.0,15.0,0.0,0.0,0.4,586.503,1.084965598534444,29.09667846284177,129.41300000000007,0.03322625788206592,0.002964101454379598,0.9848233995584988,0.9978046103183315,3587.0,2050.45,55478869585.0,0.18173187925095913,0.0,0.0,0.0,0.0,0.0,0.0,0.0,0.0,0.0,0.0,0.0,0.0,0.0,25674240.0,346.50435252041297,0.14346582090559418,104.21666666666667,4120098.3542344286,0.3678100669281141,1.0,1.0,0.0,0.0,1.0,2.0,0.2,0.2,0.0,0.0,0.2,0.4,0.0,0.0,3.0,2.0,0.0,0.0,0.6,0.4,0.0,0.0,73.0,74.0,1.0,0.0,0.0,0.0,0.0,0.0,0.0,0.0,0.0,69.0,0.0,0.0,3.0,148.0,1.48,0.21,93.0,73.0,0.93,0.73,2.95,0.0
6218.0,10192.2,99.1286,87888.0,102.0,299330944019.0,511.5062,473.5395,0.9924866338201384,1271.4,100.0,100.0,1.0,0.0,7.0,15.0,0.0,0.0,0.4,556.738,1.0884286446576799,20.917703703619093,99.87700000000007,0.045625217564871,0.004750276822942859,0.9742193173565723,0.9987468671679198,2588.0,1271.4,41366028305.0,0.13819496156860514,0.0,0.0,0.0,0.0,0.0,0.0,0.0,0.0,0.0,0.0,0.0,0.0,0.0,28525413.0,324.5655038230475,0.11596805024576735,99.92352941176472,3405822.68363144,0.3597085754965299,0.0,1.0,4.0,0.0,0.0,1.0,0.0,0.16666666666666666,0.6666666666666666,0.0,0.0,0.16666666666666666,0.0,0.0,4.0,2.0,0.0,0.0,0.6666666666666666,0.3333333333333333,4.0,4.0,76.0,42.0,31.0,7.0,0.0,0.0,0.0,0.0,0.0,0.0,0.0,41.0,35.0,0.0,4.0,156.0,1.56,0.2,92.0,83.0,0.92,0.83,3.07,0.0
4823.0,10648.6,99.0793,115356.0,101.0,216257927243.0,553.8118999999999,482.224,0.9919329735130266,1457.75,100.0,100.0,1.0,0.0,2.0,11.0,0.0,0.0,0.4,580.332,1.0478864755343829,34.32456497842907,123.12599999999998,0.028308911960009966,0.004226588757570457,0.9857142857142858,0.998661311914324,2780.0,1457.75,49313245785.0,0.22802977173451203,0.0,0.0,0.0,0.0,0.0,0.0,0.0,0.0,0.0,0.0,0.0,0.0,0.0,27635791.0,239.5696019279448,0.09231075973508097,105.43168316831684,1874700.2951125212,0.37973249630435757,2.0,1.0,1.0,0.0,0.0,1.0,0.4,0.2,0.2,0.0,0.0,0.2,0.0,0.0,4.0,2.0,0.0,0.0,0.6666666666666666,0.3333333333333333,4.0,4.0,92.0,24.0,59.0,0.0,0.0,0.0,0.0,0.0,0.0,0.0,0.0,22.0,59.0,0.0,3.0,175.0,1.75,0.06,93.0,84.0,0.93,0.84,3.13,0.0
4190.0,10930.6,99.0395,107541.0,102.0,255407589994.0,581.0992000000001,482.246,0.9916515481418579,1470.6,100.0,100.0,1.0,0.0,27.0,21.0,0.0,0.0,0.4,667.148,1.1480793640741545,48.18574375499874,212.92000000000002,0.0203310944118512,0.005411382589311599,0.9786324786324786,1.0,3899.0,1470.6,42458856470.0,0.16623960341584773,0.0,0.0,0.0,0.0,0.0,0.0,0.0,0.0,0.0,0.0,0.0,0.0,0.0,25353999.0,235.7612352498117,0.10164123450590938,107.16274509803922,2374978.7522340314,0.3580043187894948,2.0,1.0,3.0,1.0,0.0,1.0,0.25,0.125,0.375,0.125,0.0,0.125,0.0,0.0,3.0,1.0,0.0,0.0,0.75,0.25,4.333333333333333,5.0,1.0,17.0,19.0,2.0,0.0,0.0,0.0,0.0,0.0,0.0,0.0,0.0,1.0,0.0,4.0,39.0,0.39,0.62,84.0,69.0,0.84,0.69,3.21,0.0
5832.0,10295.9,93.7323,106104.0,100.0,55263846342.0,550.6139000000001,450.408,0.9376348076396905,221.4,100.0,100.0,1.0,0.0,4.0,29.0,15.0,1.0,0.8,619.817,1.1256835325079877,49.154017602226574,205.296,0.019938582147716225,0.023312596151439175,0.9052396878483835,0.9841269841269841,370.0,221.4,6270023870.0,0.11345616139705501,0.0,0.0,0.0,0.0,0.0,0.0,0.0,0.0,0.0,0.0,0.0,0.0,0.0,19407566.0,182.91078564427355,0.09703592701500414,102.959,520846.0222234788,0.34201228127820293,2.0,2.0,3.0,0.0,0.0,0.0,0.2857142857142857,0.2857142857142857,0.42857142857142855,0.0,0.0,0.0,0.0,0.0,3.0,1.0,0.0,0.0,0.75,0.25,0.0,0.0,7.0,8.0,91.0,9.0,0.0,0.0,0.0,1.0,0.0,0.0,0.0,3.0,7.0,5.0,5.0,116.0,1.16,0.0,65.0,56.0,0.65,0.56,4.62,0.0
6173.0,10207.1,99.3756,141163.0,104.0,468483506844.0,511.5452,480.9225,0.9932953818236369,1620.7,100.0,100.0,1.0,0.0,24.0,19.0,0.0,0.0,0.4,548.611,1.0724585041556445,21.428094386986448,99.30599999999998,0.04458693559717826,0.004343820032509047,0.9817091015510682,1.0,2658.0,1620.7,95678029345.0,0.20422923741659013,0.0,0.0,0.0,0.0,0.0,3.0,3.0,0.0,200.75549999999998,0.0,1.0,3.0,0.0,40758009.0,288.73011341498835,0.0723071909778058,98.14519230769231,3318741.5033967826,0.37910354546384833,1.0,0.0,2.0,1.0,1.0,2.0,0.14285714285714285,0.0,0.2857142857142857,0.14285714285714285,0.14285714285714285,0.2857142857142857,0.0,0.0,2.0,2.0,0.0,0.0,0.5,0.5,3.5,4.0,15.0,26.0,3.0,0.0,0.0,0.0,0.0,1.0,0.0,0.0,0.0,12.0,2.0,0.0,4.0,45.0,0.4368932038834951,0.6990291262135923,96.0,74.0,0.9320388349514563,0.7184466019417476,3.29126213592233,0.0
5664.0,10354.3,98.4246,19030.0,101.0,143085568084.0,545.9406,459.12649999999996,0.9846718712097686,1336.65,100.0,100.0,1.0,0.0,15.0,32.0,0.0,0.0,0.4,587.519,1.0761592012024752,43.06105454224269,165.23200000000003,0.02269577998958852,0.010026254102951597,0.9574290484140233,0.9955798231929277,3199.0,1336.65,22041868402.0,0.15404676164866657,0.0,0.0,0.0,0.0,0.0,0.0,0.0,0.0,0.0,0.0,0.0,0.0,0.0,9241690.0,485.6379400945875,0.5441040462427745,102.51782178217822,7518947.350709407,0.3552923404904354,2.0,0.0,2.0,0.0,0.0,1.0,0.4,0.0,0.4,0.0,0.0,0.2,1.0,0.0,3.0,2.0,0.16666666666666666,0.0,0.5,0.3333333333333333,4.0,4.0,5.0,4.0,23.0,1.0,0.0,0.0,0.0,0.0,0.0,0.0,0.0,1.0,4.0,0.0,4.0,33.0,0.33,0.72,83.0,62.0,0.83,0.62,3.19,0.0
4843.0,10642.9,99.0364,186317.0,105.0,575409420379.0,545.374,488.1395,0.991595560472921,1991.75,100.0,100.0,1.0,0.0,0.0,10.0,0.0,0.0,0.2,570.063,1.0452698515147403,30.102957172105196,112.75,0.032151283701629944,0.002807704407282259,0.9848292407564211,0.995,3363.0,1991.75,96836603911.0,0.1682916554393869,0.0,0.0,0.0,0.0,0.0,0.0,0.0,0.0,0.0,0.0,0.0,0.0,0.0,47439514.0,254.617206159395,0.057122538469382825,101.36095238095238,3088335.580644815,0.36334801011246803,2.0,1.0,1.0,1.0,0.0,1.0,0.3333333333333333,0.16666666666666666,0.16666666666666666,0.16666666666666666,0.0,0.16666666666666666,0.0,0.0,2.0,3.0,0.0,0.0,0.4,0.6,0.0,0.0,100.0,38.0,2.0,0.0,0.0,0.0,0.0,0.0,0.0,0.0,0.0,38.0,2.0,0.0,3.0,140.0,1.4,0.0,85.0,68.0,0.85,0.68,3.05,0.0
6302.0,10170.4,98.398,76821.0,102.0,243914007691.0,784.0646,692.24,0.9721413197192877,1940.35,100.0,100.0,1.0,0.0,20.0,23.0,4.0,0.0,0.6,844.395,1.076945700647625,64.00694455515276,255.914,0.015382971878513483,0.010186027939502643,0.9525879099170288,0.9909828674481514,3340.0,1940.35,30282535786.0,0.12415250797880835,0.0,0.0,0.0,0.0,0.0,0.0,0.0,0.0,0.0,0.0,0.0,0.0,0.0,24431696.0,318.0340792231291,0.1323908827013447,99.70980392156862,3175095.451647336,0.3433989411450479,0.0,3.0,1.0,0.0,1.0,2.0,0.0,0.42857142857142855,0.14285714285714285,0.0,0.14285714285714285,0.2857142857142857,0.0,0.0,1.0,0.0,0.0,0.0,1.0,0.0,5.0,8.0,5.0,5.0,9.0,0.0,0.0,0.0,0.0,0.0,0.0,0.0,0.0,1.0,1.0,0.0,3.0,19.0,0.19,0.83,94.0,73.0,0.94,0.73,3.06,0.0
6292.0,10171.3,97.894,87044.0,101.0,181827835820.0,527.8976,465.264,0.9791930482272312,1110.95,100.0,100.0,1.0,0.0,5.0,28.0,0.0,0.0,0.4,597.127,1.131141721424761,35.03851933860219,169.21799999999996,0.027748087833588186,0.012407910707515409,0.9465918536990856,0.9932489451476794,2421.0,1110.95,23307319757.0,0.12818345250544047,0.0,0.0,0.0,0.0,0.0,0.0,0.0,0.0,0.0,0.0,0.0,0.0,0.0,25011401.0,287.34204540232525,0.11685239648913193,100.7059405940594,2088918.659758283,0.3495542708850674,2.0,1.0,4.0,1.0,0.0,1.0,0.2222222222222222,0.1111111111111111,0.4444444444444444,0.1111111111111111,0.0,0.1111111111111111,1.0,1.0,4.0,2.0,0.125,0.125,0.5,0.25,3.5,4.0,68.0,3.0,62.0,0.0,0.0,0.0,0.0,2.0,0.0,0.0,0.0,1.0,58.0,0.0,4.0,135.0,1.35,0.25,87.0,77.0,0.87,0.77,2.92,0.0
5816.0,10305.2,99.0173,103611.0,103.0,385968870519.0,535.0203,461.024,0.9915452984332871,2029.4,100.0,100.0,1.0,0.0,26.0,21.0,0.0,0.0,0.4,586.416,1.096063083961487,37.43975052628423,154.93700000000007,0.02601473699253648,0.0035686527014869595,0.9853646227605349,0.9993608181527645,3058.0,2029.4,77897967432.0,0.20182448218493138,0.0,0.0,0.0,0.0,0.0,0.0,0.0,0.0,0.0,0.0,0.0,0.0,0.0,36271797.0,350.0767003503489,0.09946048199515496,100.05048543689321,3725172.718331065,0.370953239452494,2.0,1.0,2.0,1.0,0.0,1.0,0.2857142857142857,0.14285714285714285,0.2857142857142857,0.14285714285714285,0.0,0.14285714285714285,0.0,1.0,3.0,2.0,0.0,0.16666666666666666,0.5,0.3333333333333333,0.0,0.0,9.0,35.0,5.0,0.0,0.0,0.0,0.0,0.0,0.0,0.0,0.0,2.0,3.0,0.0,3.0,49.0,0.49,0.56,95.0,82.0,0.95,0.82,3.33,0.0
5598.0,10373.7,96.1935,108011.0,100.0,91096419159.0,532.3796,478.2235,0.9586946267766457,222.05,100.0,100.0,1.0,0.0,18.0,22.0,4.0,0.0,0.6,558.056,1.0482294963969319,31.46974599966768,119.12500000000006,0.030797900298026194,0.02620297109839603,0.8778467908902692,0.9867724867724867,492.0,222.05,8223569716.0,0.09027324884907445,0.0,0.0,0.0,0.0,0.0,26.0,26.0,0.0,305.29061538461536,0.0,1.0,26.0,0.0,23085846.0,213.7360639194156,0.0960429956208164,103.73700000000001,843399.4607864014,0.3394011347739328,2.0,1.0,2.0,0.0,0.0,0.0,0.4,0.2,0.4,0.0,0.0,0.0,0.0,0.0,3.0,1.0,0.0,0.0,0.75,0.25,0.0,0.0,10.0,1.0,119.0,4.0,0.0,0.0,0.0,0.0,0.0,0.0,0.0,0.0,10.0,1.0,4.0,134.0,1.0634920634920635,0.023809523809523808,69.0,58.0,0.5476190476190477,0.4603174603174603,4.190476190476191,0.0
6956.0,9992.26,98.1242,108538.0,101.0,137943064912.0,516.0449000000001,450.4595,0.9797165193842006,701.9,100.0,100.0,1.0,0.0,0.0,13.0,2.0,0.0,0.4,563.733,1.0924107572810038,34.7310432030194,144.15799999999996,0.02798686829035813,0.018053586874916146,0.922752808988764,0.9987573780677229,1523.0,701.9,29243251462.0,0.2119950827586408,0.0,0.0,0.0,0.0,0.0,0.0,0.0,0.0,0.0,0.0,0.0,0.0,0.0,38727054.0,356.8064088153458,0.09206231918774992,98.93326732673268,1270919.5388896056,0.3747932721437355,3.0,2.0,1.0,1.0,0.0,1.0,0.375,0.25,0.125,0.125,0.0,0.125,1.0,0.0,4.0,2.0,0.14285714285714285,0.0,0.5714285714285714,0.2857142857142857,3.0,3.0,100.0,3.0,75.0,1.0,0.0,0.0,0.0,0.0,0.0,0.0,0.0,3.0,76.0,0.0,4.0,179.0,1.79,0.0,92.0,82.0,0.92,0.82,3.37,0.0
5042.0,10565.8,98.989,97344.0,101.0,171437268206.0,536.4792,489.366,0.9888840985060519,908.75,100.0,100.0,1.0,0.0,41.0,8.0,0.0,0.0,0.4,637.733,1.1887376062296544,28.705835061213595,171.23999999999995,0.03366341992875612,0.0061062048043892736,0.9797495337063682,0.9979166666666667,1964.0,908.75,33548732695.0,0.1956910130805844,0.0,0.0,0.0,0.0,0.0,2.0,2.0,0.0,219.5375,0.0,1.0,2.0,0.0,20462318.0,210.20625821827744,0.10854084483892175,104.6118811881188,1761148.7940294214,0.37217267189567776,0.0,0.0,2.0,1.0,0.0,1.0,0.0,0.0,0.5,0.25,0.0,0.25,0.0,0.0,4.0,3.0,0.0,0.0,0.5714285714285714,0.42857142857142855,0.0,0.0,1.0,2.0,96.0,0.0,0.0,0.0,0.0,0.0,0.0,0.0,0.0,0.0,1.0,0.0,3.0,99.0,0.9705882352941176,0.0392156862745098,93.0,88.0,0.9117647058823529,0.8627450980392157,3.2058823529411766,0.0
9117.0,9459.05,96.1072,113872.0,100.0,78335172914.0,540.7146,376.08450000000005,0.9629168016249349,751.5,100.0,100.0,1.0,0.0,25.0,13.0,5.0,0.0,0.6,787.768,1.4569016630954665,87.42251492931554,464.744,0.011309336776944134,0.025154363505030364,0.9129677980852916,0.9935275080906149,1829.0,751.5,6178033279.0,0.07886665783941695,0.0,0.0,0.0,0.0,0.0,1.0,1.0,0.0,263.163,0.0,0.0,0.0,0.0,20232480.0,177.67739215961782,0.0830673914570746,94.59049999999999,687923.0444182942,0.3281837320626027,2.0,2.0,2.0,0.0,0.0,1.0,0.2857142857142857,0.2857142857142857,0.2857142857142857,0.0,0.0,0.14285714285714285,0.0,1.0,4.0,1.0,0.0,0.16666666666666666,0.6666666666666666,0.16666666666666666,3.5,4.0,11.0,4.0,58.0,6.0,0.0,0.0,0.0,0.0,0.0,0.0,0.0,0.0,11.0,0.0,4.0,79.0,0.7821782178217822,0.32673267326732675,65.0,59.0,0.6435643564356436,0.5841584158415841,3.207920792079208,0.0
7804.0,9756.93,98.8621,157767.0,102.0,263031793539.0,500.3427,439.909,0.9883420267248206,1086.75,100.0,100.0,1.0,0.0,6.0,12.0,0.0,0.0,0.4,536.015,1.0712957339039821,28.458424206726555,112.37299999999999,0.03394614705058322,0.007213798729660221,0.9707046714172605,0.9966509062253743,2430.0,1086.75,32705144209.0,0.12433912938418516,0.0,0.0,0.0,0.0,0.0,2.0,2.0,0.0,0.0,0.0,1.0,2.0,0.0,32682660.0,207.1577706364449,0.061843921732681745,95.65617647058824,1667216.8041415506,0.35088019763548883,3.0,2.0,1.0,0.0,0.0,0.0,0.5,0.3333333333333333,0.16666666666666666,0.0,0.0,0.0,0.0,0.0,3.0,1.0,0.0,0.0,0.75,0.25,1.6666666666666667,3.0,82.0,4.0,91.0,0.0,0.0,0.0,0.0,0.0,0.0,0.0,0.0,0.0,82.0,0.0,3.0,177.0,1.7352941176470589,0.06862745098039216,100.0,86.0,0.9803921568627451,0.8431372549019608,3.2450980392156863,0.0
8175.0,9670.69,99.3002,77635.0,104.0,450157536118.0,490.69789999999995,442.192,0.9932045385993972,1424.55,100.0,100.0,1.0,0.0,3.0,17.0,0.0,0.0,0.4,570.309,1.1622405557472326,27.311356128292125,150.57699999999994,0.03532151534771163,0.004292792745952591,0.984998499849985,1.0,2416.0,1424.55,133922753083.0,0.29750196839511484,0.0,0.0,0.0,0.0,0.0,0.0,0.0,0.0,0.0,0.0,0.0,0.0,0.0,36029542.0,464.0889032008759,0.12456611064597153,92.98740384615385,5798383.926296129,0.4033791966576191,2.0,2.0,1.0,1.0,0.0,1.0,0.2857142857142857,0.2857142857142857,0.14285714285714285,0.14285714285714285,0.0,0.14285714285714285,0.0,0.0,2.0,2.0,0.0,0.0,0.5,0.5,1.5,2.0,89.0,89.0,0.0,0.0,0.0,0.0,0.0,0.0,0.0,0.0,0.0,89.0,0.0,0.0,2.0,178.0,1.78,0.11,91.0,79.0,0.91,0.79,2.73,0.0
9986.0,9298.5,99.0537,195692.0,102.0,273386635448.0,469.6217,427.076,0.9909738118653463,1476.2,100.0,100.0,1.0,0.0,2.0,23.0,0.0,0.0,0.4,497.577,1.0595272748256737,24.11961600357684,96.47899999999998,0.03980952574504354,0.004110501781740225,0.9795021961932651,1.0,2404.0,1476.2,25415298776.0,0.09296467156981476,0.0,0.0,0.0,0.0,0.0,18.0,18.0,0.0,178.15248333333335,0.0,1.0,18.0,0.0,38837193.0,198.46081086605483,0.04751599452200397,91.16176470588235,1397025.0978476382,0.34381321176896185,1.0,1.0,3.0,1.0,0.0,2.0,0.125,0.125,0.375,0.125,0.0,0.25,0.0,1.0,4.0,2.0,0.0,0.14285714285714285,0.5714285714285714,0.2857142857142857,0.0,0.0,94.0,58.0,22.0,22.0,0.0,0.0,0.0,1.0,0.0,1.0,0.0,52.0,42.0,0.0,6.0,198.0,1.6779661016949152,0.11864406779661017,98.0,83.0,0.8305084745762712,0.7033898305084746,3.0,0.0
8414.0,9615.65,98.8634,82924.0,102.0,305015162361.0,493.09220000000005,433.73900000000003,0.9890115354831712,1470.3,100.0,100.0,1.0,0.0,17.0,24.0,0.0,0.0,0.4,562.762,1.1412916286244235,31.688562301631798,154.65999999999997,0.030591740033488118,0.00450511677231183,0.9759656652360515,0.9966914805624483,4290.0,1470.3,35851344580.0,0.11753954886206025,0.0,0.0,0.0,0.0,0.0,37.0,37.0,0.0,99.36582702702704,0.0,1.0,37.0,0.0,29847802.0,359.9416574212532,0.11595738266364382,94.27107843137254,3678249.5099247503,0.3474985606720133,2.0,1.0,3.0,0.0,1.0,2.0,0.2222222222222222,0.1111111111111111,0.3333333333333333,0.0,0.1111111111111111,0.2222222222222222,1.0,1.0,4.0,1.0,0.14285714285714285,0.14285714285714285,0.5714285714285714,0.14285714285714285,3.0,3.0,38.0,5.0,23.0,1.0,0.0,0.0,0.0,0.0,0.0,0.0,0.0,5.0,24.0,0.0,4.0,67.0,0.48905109489051096,0.7226277372262774,128.0,114.0,0.9343065693430657,0.8321167883211679,2.934306569343066,0.0
7680.0,9794.01,98.9739,95199.0,104.0,430905017985.0,503.23060000000004,443.663,0.9907958230593478,1929.0,100.0,100.0,1.0,0.0,29.0,11.0,0.0,0.0,0.4,573.498,1.1396326058073576,32.15979614866363,154.12100000000004,0.030157000830667077,0.0058749502172553555,0.9777400490473496,1.0,4217.0,1929.0,47210552595.0,0.1095613896903921,0.0,0.0,0.0,0.0,0.0,0.0,0.0,0.0,0.0,0.0,0.0,0.0,0.0,34673988.0,364.22638893265685,0.1028793369678253,94.17317307692308,4526360.759934453,0.3449312172393844,2.0,1.0,1.0,1.0,0.0,0.0,0.4,0.2,0.2,0.2,0.0,0.0,1.0,0.0,2.0,2.0,0.2,0.0,0.4,0.4,3.0,5.0,31.0,18.0,4.0,0.0,0.0,0.0,0.0,0.0,0.0,0.0,0.0,18.0,4.0,0.0,3.0,53.0,0.53,0.69,93.0,78.0,0.93,0.78,3.0,0.0
8079.0,9690.28,97.9991,67574.0,101.0,131003731345.0,498.81410000000005,442.052,0.9796747291011172,1399.5,100.0,100.0,1.0,0.0,12.0,19.0,0.0,0.0,0.4,540.814,1.084199504384499,30.98068078206804,133.46799999999996,0.031268877820784614,0.019026135300519827,0.9194756554307116,0.9955106621773289,4215.0,1399.5,19628331799.0,0.14983032618596592,0.0,0.0,0.0,0.0,0.0,0.0,0.0,0.0,0.0,0.0,0.0,0.0,0.0,16286547.0,241.0179506910942,0.14340249208275374,95.94336633663367,1938670.662458934,0.3574566489841036,4.0,1.0,2.0,0.0,0.0,1.0,0.5,0.125,0.25,0.0,0.0,0.125,0.0,0.0,3.0,2.0,0.0,0.0,0.6,0.4,2.6666666666666665,7.0,50.0,1.0,48.0,1.0,0.0,0.0,0.0,0.0,0.0,0.0,0.0,0.0,49.0,0.0,4.0,100.0,1.0,0.49,82.0,67.0,0.82,0.67,3.65,0.0
9081.0,9466.57,99.4929,86984.0,101.0,158389344466.0,492.7649,427.721,0.9958005757473867,1901.55,100.0,100.0,1.0,0.0,39.0,8.0,0.0,0.0,0.4,526.365,1.0681868777585417,37.45977718086427,140.995,0.026001190680260928,0.0030596269976927637,0.9868377755840737,1.0,4294.0,1901.55,10451631309.0,0.06598695981877466,0.0,0.0,0.0,0.0,0.0,5.0,5.0,0.0,148.20892,0.0,1.0,5.0,0.0,14545425.0,167.219546123425,0.10883116435206475,93.72841584158415,1820902.0563092062,0.3301965642177368,2.0,0.0,1.0,1.0,0.0,0.0,0.5,0.0,0.25,0.25,0.0,0.0,1.0,0.0,3.0,2.0,0.16666666666666666,0.0,0.5,0.3333333333333333,1.5,2.0,2.0,1.0,10.0,0.0,0.0,0.0,0.0,0.0,0.0,0.0,0.0,0.0,2.0,0.0,3.0,13.0,0.12380952380952381,0.8952380952380953,92.0,72.0,0.8761904761904762,0.6857142857142857,3.1619047619047618,0.0
8090.0,9688.52,98.2491,125706.0,101.0,135612492279.0,496.62489999999997,437.40599999999995,0.9827567251254541,484.45,100.0,100.0,1.0,0.0,6.0,20.0,0.0,0.0,0.4,565.151,1.1379836170115514,28.94320547851602,145.68299999999994,0.03339655805112419,0.01151389342253952,0.9538461538461539,0.9979231568016614,1234.0,484.45,32362030626.0,0.2386360583907015,0.0,0.0,0.0,0.0,0.0,0.0,0.0,0.0,0.0,0.0,0.0,0.0,0.0,23511128.0,187.03266351645905,0.07707285252891669,95.92594059405941,1078806.8372154073,0.38494944073766013,3.0,0.0,2.0,1.0,0.0,1.0,0.42857142857142855,0.0,0.2857142857142857,0.14285714285714285,0.0,0.14285714285714285,1.0,0.0,4.0,1.0,0.16666666666666666,0.0,0.6666666666666666,0.16666666666666666,1.5,2.0,80.0,4.0,78.0,0.0,0.0,0.0,0.0,0.0,0.0,0.0,0.0,4.0,76.0,0.0,3.0,162.0,1.62,0.18,87.0,83.0,0.87,0.83,4.15,0.0
8311.0,9639.58,99.2181,89481.0,101.0,226779346678.0,492.9232,437.613,0.9927214062378485,1279.35,100.0,100.0,1.0,0.0,35.0,12.0,0.0,0.0,0.4,530.259,1.0757436452575169,30.048999660714163,121.20600000000002,0.032207156782100295,0.005446464155333107,0.9763313609467456,1.0,2066.0,1279.35,37714835324.0,0.16630630556296042,0.0,0.0,0.0,0.0,0.0,0.0,0.0,0.0,0.0,0.0,0.0,0.0,0.0,28081050.0,313.82136989975527,0.1077276740313586,95.44138613861386,2534385.474882936,0.36277475438172824,2.0,2.0,3.0,1.0,0.0,1.0,0.2222222222222222,0.2222222222222222,0.3333333333333333,0.1111111111111111,0.0,0.1111111111111111,1.0,0.0,2.0,1.0,0.25,0.0,0.5,0.25,4.0,4.0,1.0,16.0,9.0,2.0,0.0,0.0,0.0,0.0,0.0,0.0,0.0,0.0,1.0,0.0,4.0,28.0,0.28,0.73,93.0,82.0,0.93,0.82,3.38,0.0
8804.0,9525.44,98.2597,127664.0,103.0,365808386123.0,485.0249,440.1945,0.9824938652756664,1347.45,100.0,100.0,1.0,0.0,0.0,18.0,0.0,0.0,0.2,521.617,1.075443755568013,31.398506127400392,123.69399999999996,0.030865620657560808,0.007694713625689859,0.9665161775771257,0.9932659932659933,2603.0,1347.45,79783521671.0,0.21810194817177717,0.0,0.0,0.0,0.0,0.0,2.0,2.0,0.0,50.13,0.0,1.0,2.0,0.0,35880144.0,281.05138488532396,0.07461336007018424,92.48,2865399.69077422,0.3777768327145575,4.0,3.0,0.0,0.0,1.0,0.0,0.5,0.375,0.0,0.0,0.125,0.0,0.0,1.0,4.0,2.0,0.0,0.14285714285714285,0.5714285714285714,0.2857142857142857,8.0,8.0,102.0,87.0,14.0,0.0,0.0,0.0,0.0,0.0,0.0,0.0,0.0,87.0,14.0,0.0,3.0,203.0,1.9901960784313726,0.0,86.0,76.0,0.8431372549019608,0.7450980392156863,3.1666666666666665,0.0
7972.0,9717.33,99.0074,112218.0,103.0,342193235280.0,485.82540000000006,454.4525,0.9910657198704456,2443.9,100.0,100.0,1.0,0.0,36.0,12.0,0.0,0.0,0.4,519.778,1.0698864242174246,20.090809760445193,91.54700000000003,0.04741401640611506,0.005483472772775722,0.9791666666666666,1.0,6313.0,2443.9,156738814589.0,0.45804182674957994,0.0,0.0,0.0,0.0,0.0,99.0,99.0,0.0,12.660626000000002,31.651565000000005,1.0,50.0,0.0,26676048.0,237.7163021975084,0.08659332727369941,94.34300970873787,3049361.379457841,0.45637815458732,3.0,0.0,1.0,1.0,1.0,2.0,0.375,0.0,0.125,0.125,0.125,0.25,3.0,0.0,2.0,3.0,0.375,0.0,0.25,0.375,6.0,8.0,97.0,3.0,0.0,97.0,0.0,0.0,1.0,0.0,0.0,0.0,95.0,1.0,95.0,1.0,6.0,388.0,1.949748743718593,0.49246231155778897,181.0,162.0,0.9095477386934674,0.8140703517587939,3.557788944723618,0.0
9248.0,9432.39,99.2558,110565.0,101.0,222942802392.0,487.3853000000001,423.182,0.9926214708822156,1539.5,100.0,100.0,1.0,0.0,38.0,10.0,0.0,0.0,0.4,521.245,1.0694721404194996,32.80112611813199,124.04700000000003,0.02958481313625727,0.004790460582986842,0.982089552238806,1.0,3692.0,1539.5,43088568777.0,0.1932718541020106,0.0,0.0,0.0,0.0,0.0,0.0,0.0,0.0,0.0,0.0,0.0,0.0,0.0,25316250.0,228.9716456383123,0.08531081264414597,93.39,2016395.8069190069,0.36981548148510607,2.0,2.0,2.0,1.0,0.0,2.0,0.2222222222222222,0.2222222222222222,0.2222222222222222,0.1111111111111111,0.0,0.2222222222222222,1.0,1.0,4.0,3.0,0.1111111111111111,0.1111111111111111,0.4444444444444444,0.3333333333333333,0.0,0.0,1.0,3.0,2.0,0.0,0.0,0.0,0.0,0.0,0.0,0.0,0.0,0.0,0.0,0.0,3.0,6.0,0.06,0.94,91.0,75.0,0.91,0.75,3.45,0.0
8337.0,9635.46,97.6992,120640.0,104.0,433991459767.0,528.6554,415.5435,0.978896227000131,1641.5,100.0,100.0,1.0,0.0,18.0,31.0,1.0,0.0,0.6,767.622,1.452027161739008,69.87817222428187,412.49299999999994,0.014108715964566225,0.008803804721053457,0.9649990837456478,0.996268656716418,3189.0,1641.5,25815253843.0,0.059483322222192145,0.0,0.0,0.0,0.0,0.0,5.0,5.0,0.0,21.778,0.0,1.0,5.0,0.0,55302939.0,458.4129559018568,0.07986952917771882,92.64865384615383,3597409.315044761,0.3234884830524841,0.0,2.0,1.0,0.0,1.0,0.0,0.0,0.5,0.25,0.0,0.25,0.0,0.0,0.0,3.0,3.0,0.0,0.0,0.5,0.5,2.5,4.0,0.0,31.0,0.0,0.0,0.0,0.0,0.0,3.0,0.0,0.0,0.0,0.0,0.0,0.0,2.0,34.0,0.3238095238095238,0.6761904761904762,89.0,73.0,0.8476190476190476,0.6952380952380952,2.7333333333333334,0.0
9031.0,9474.76,96.926,37900.0,100.0,54526222902.0,704.6578999999999,641.183,0.9783786847492723,1543.8,100.0,100.0,1.0,0.0,48.0,2.0,0.0,0.0,0.4,753.211,1.068903080487709,43.24790648355131,175.59199999999998,0.022599939284624445,0.00904573893557499,0.9540556620612151,0.9914289991765851,2721.0,1543.8,16918591855.0,0.31028358383465865,0.0,0.0,0.0,0.0,0.0,0.0,0.0,0.0,0.0,0.0,0.0,0.0,0.0,10897383.0,287.5298944591029,0.24999366754617414,94.7476,1438686.6201055408,0.4021250508642474,0.0,0.0,0.0,0.0,1.0,1.0,0.0,0.0,0.0,0.0,0.5,0.5,0.0,2.0,2.0,1.0,0.0,0.4,0.4,0.2,4.086538461538462,11.0,0.0,0.0,58.0,2.0,0.0,0.0,1.0,0.0,0.0,0.0,0.0,0.0,0.0,0.0,4.0,84.0,0.84,0.26,95.0,70.0,0.95,0.7,3.58,0.0
